unit	track	status	detail
M1	mutation	KILLED	invert operator token timing-safe comparison
M2	mutation	SURVIVED	boundary: 16-char identity hash key ignored
M3	mutation	KILLED	boundary: token bucket requires >1 instead of >=1
M4	mutation	KILLED	invert isVerified
M5	mutation	KILLED	invert gmail import connection binding
M6	mutation	KILLED	invert member kind check in evidence assert
M7	mutation	KILLED	invert journal checksum check in replay
M8	mutation	KILLED	prune deletes live rows instead of expired
M9	mutation	KILLED	invert PKCE S256 comparison
M10	mutation	KILLED	accept wrong MCP method
M11	mutation	KILLED	invert pending-state expiry check
M12	mutation	KILLED	trust unverified email claim
M13	mutation	KILLED	redeemed check inverted: double-redeem allowed
M14	mutation	KILLED	accept expired referral invites
M15	mutation	KILLED	invert live-invite expiry window
F1	fuzz	PASS	malformed-secrets: 16 malformed inputs rejected, valid still resolves
F2	fuzz	PASS	tampered-secret: 3 forged secrets all rejected
F3	fuzz	PASS	bearer-gate: 7 probes, no 500, all fail-closed
F4	fuzz	PASS	bearer-oracle: garbage=401 unknown-format=401 identityId-as-token=401
F5	fuzz	PASS	verifier-keys: fallback-accepted-with-key=true short-rejected=true no-false-match=true
F6	fuzz	PASS	double-redeem: first=201 second=409 {"error":{"code":"invite_already_used","message":"Invite code was already used"}
F7	fuzz	PASS	code-replay: replay=invalid_grant family-access-dead=true
F8	fuzz	PASS	refresh-reuse: reuse=invalid_grant family-access-dead=true
F9	fuzz	PASS	selfserve-replay: first=201 token=true second=200 replayed=true token-resent=false
F10	fuzz	PASS	referral-double-redeem: first=201 second=404 {"error":{"code":"invite_unavailable","message":"That invite is not available"},
F11	fuzz	PASS	invite-enumeration: 25 probes: statuses=410 xx-prefix=410 ms=3473 rate-limit-engages=true
F12	fuzz	PASS	identity-enumeration: ai_00000=404 ai_zzzzz=404 ai_-94Qg=404 not-an-i=404
F13	fuzz	PASS	operator-oracle: no-auth=404 wrong-token=404 bearer-scheme=404 empty=404
F14	fuzz	PASS	mint-flood: 201s=8 saw428=true last=428
F15	fuzz	PASS	deceptive-names: "owner"=422 "admin"=422 "Guest"=201 ""=422 "xxxxxxxxxxxxx=422 "room owner"=422 "𝔞dmin"=422 "aaaaaaaaaaaaa=201
F16	fuzz	PASS	mcp-mint-abuse: 7 abuse shapes rejected, no mint, no throw
F17	fuzz	PASS	guest-escalation: guest denied member-only actions, no 500
F18	fuzz	PASS	invite-escalation: junk-redeem=422 elevated=false unprivileged-mint=401
F19	fuzz	PASS	verified-gate: denied-unverified=true linked-after-attest=true
F20	fuzz	PASS	gmail-deputy: 6 deputy shapes rejected, legit grant ok
R1	reverify	PASS	upstream/guild-identity-sybil/bound-invite-codes rebase=CLEAN
R2	reverify	FAIL-bitrot	upstream/guild-identity-sybil/identity-discipline rebase=CLEAN
R3	reverify	PASS	origin/jill/funnel-agentcode-invite-20261007 rebase=CLEAN
R4	reverify	PASS	origin/quill/login-github-oauth rebase=CLEAN
R5	reverify	PASS	origin/hardwork-sec/referral-email-gate rebase=CLEAN
R6	reverify	PASS	origin/is-sec-1/guest-link-server-token-only rebase=CLEAN
R7	reverify	PASS	origin/jill/self-serve-join-912 rebase=CLEAN
R8	reverify	PASS	fork/jill/f01-rt-reuse-theft-detection rebase=CLEAN
R9	reverify	PASS	fork/jill/f02-access-token-revoke-cascade rebase=CLEAN
R10	reverify	PASS	origin/jill/912-secfix-replay rebase=CLEAN
D1	docs	DONE	docs/auth-flows.md
D2	docs	DONE	docs/invite-lifecycle.md
D3	docs	DONE	docs/identity-model.md
D4	docs	DONE	docs/oauth.md
D5	docs	DONE	docs/trust-boundaries.md
